group,vertex,cdr3,donor,vgene,jgene,dgene
1,1,CASSLEETQYF,09/0018,TRBV7-2,TRBJ2-5,
1,2,CASSFEETQYF,01/0873,TRBV7-2,TRBJ2-5,
1,3,CASSLQETQYF,01/0960,TRBV12-3,TRBJ2-5,
1,4,CASSIQETQYF,02/0259,TRBV12-3,TRBJ2-5,
1,5,CASSSEETQYF,09/0328,TRBV7-6,TRBJ2-5,
1,6,CASSPEETQYF,09/0018,TRBV7-2,TRBJ2-5,
1,7,CASSSQETQYF,01/0639,TRBV27,TRBJ2-5,
1,8,CASSFSETQYF,01/0639,TRBV5-6,TRBJ2-5,
2,9,CASSVALAGDYEQYF,09/0018,TRBV9,TRBJ2-7,
2,10,CASSVALASGANVLTF,02/0152,TRBV9,TRBJ2-6,
2,11,CASSVALQGVHTQYF,03/0492,TRBV9,TRBJ2-3,
2,12,CASSVALLGETQYF,09/0772,TRBV9,TRBJ2-5,
2,13,CASSVALAGAEYF,01/0873,TRBV9,TRBJ2-3,
2,14,CASSVALYGQSVTF,09/0328,TRBV9,TRBJ1-2,
2,15,CASSVALLGNTIYF,09/0018,TRBV9,TRBJ1-3,
2,16,CASSVALYANEQFF,09/0018,TRBV9,TRBJ2-1,
2,17,CASSVALMGGELFF,09/0018,TRBV9,TRBJ2-2,
2,18,CASSVALATGEQYF,03/0492,TRBV9,TRBJ2-7,
2,19,CASSVALLGGEQYF,09/0328,TRBV9,TRBJ2-7,
2,20,CASSVALLTGGQVF,09/0328,TRBV9,TRBJ2-1,
2,21,CASSVALGAGGGYTF,09/0328,TRBV9,TRBJ1-2,
2,22,CASSVALAGNTIYF,09/0328,TRBV9,TRBJ1-3,
2,23,CASSVALFGEGYTF,09/0328,TRBV9,TRBJ1-2,
2,56,CASSLQGDYGYTF,09/0772,TRBV7-6,TRBJ1-2,
2,57,CASSPQGDYGYTF,09/0772,TRBV19,TRBJ1-2,
2,58,CASSLQGAYGYTF,01/0882,TRBV7-6,TRBJ1-2,
2,59,CASSRQGDYGYTF,01/0873,TRBV4-1,TRBJ1-2,
2,63,CAISLLGNTEAFF,09/0328,TRBV10-3,TRBJ1-1,
3,24,CASSLIEQQPQHF,02/0152,TRBV12-3,TRBJ1-5,
3,25,CASSLIEGGTEAFF,02/0152,TRBV12-3,TRBJ1-1,
3,26,CASSLIENTEAFF,09/0018,TRBV12-3,TRBJ1-1,
3,27,CASSLIEGLEQYF,09/0772,TRBV12-3,TRBJ2-7,
4,28,CASSSGQGHYNEQFF,03/0492,TRBV6-6,TRBJ2-1,
4,29,CASSVGQGHYNEQFF,09/0328,TRBV10-2,TRBJ2-1,
4,30,CASSLGQGHYNEQFF,03/0492,TRBV6-2,TRBJ2-1,
4,31,CASSPGQGHYNEQFF,09/0125,TRBV6-2,TRBJ2-1,
4,64,CASSLGQNYGYTF,09/0772,TRBV7-2,TRBJ1-2,
4,65,CASSLGQGWGYTF,01/0882,TRBV5-1,TRBJ1-2,
4,66,CASSTGQGYGYTF,03/0387,TRBV19,TRBJ1-2,
4,67,CASSLGQGYGYTF,02/0259,TRBV27,TRBJ1-2,
5,32,CSARSSGGEAKNIQYF,01/0906,TRBV20-1,TRBJ2-4,
5,33,CSARKGGGEAKNIQYF,09/0018,TRBV20-1,TRBJ2-4,
5,34,CSARAGGGEAKNIQYF,03/0492,TRBV20-1,TRBJ2-4,
5,35,CSARASGGEAKNIQYF,01/0906,TRBV20-1,TRBJ2-4,
5,44,CASSQQGTGELFF,09/0772,TRBV3-1,TRBJ2-2,
5,45,CASSQQGPGELFF,03/0492,TRBV3-1,TRBJ2-2,
5,46,CASSQQGTGEAFF,03/0387,TRBV3-1,TRBJ1-1,
5,47,CASSHQGPGELFF,03/0492,TRBV3-1,TRBJ2-2,
6,36,CASSLRSRGYEQYF,01/0906,TRBV5-6,TRBJ2-7,
6,37,CASSLRSRSYEQYF,01/0906,TRBV5-6,TRBJ2-7,
6,38,CASSLRSRAYEQYF,09/0263,TRBV5-6,TRBJ2-7,
6,39,CASSFRSRGYEQYF,01/0873,TRBV5-6,TRBJ2-7,
6,76,CASVILSADSREKLFF,09/0328,TRBV5-6,TRBJ1-4,
6,77,CASQPRSREKLFF,09/0125,TRBV27,TRBJ1-4,
6,78,CSGTGASREKLFF,03/0345,TRBV20-1,TRBJ1-4,
6,79,CASSLSREKLFF,01/0873,TRBV12-3,TRBJ1-4,
7,40,CASSSTDTQYF,02/0259,TRBV27,TRBJ2-3,
7,41,CASTRADTQYF,09/0018,TRBV27,TRBJ2-3,
7,42,CASSRADTQYF,09/0018,TRBV27,TRBJ2-3,
7,43,CASSRTDTQYF,09/0018,TRBV5-6,TRBJ2-3,
8,48,CAISNSNQPQHF,09/0772,TRBV10-3,TRBJ1-5,
9,49,CASSRSNQPQHF,03/0492,TRBV19,TRBJ1-5,
9,50,CASSRSGQPQHF,02/0207,TRBV7-2,TRBJ1-5,
10,51,CASSNSNSPLHF,09/0263,TRBV3-1,TRBJ1-6,
11,52,CAWSLGGTDTQYF,01/0873,TRBV30,TRBJ2-3,
12,53,CASSLAGTETQYF,09/0772,TRBV12-3,TRBJ2-5,
12,55,CASSLAGTDTQYF,PBMC,TRBV5-1,TRBJ2-3,
13,54,CASSLGWTDTQYF,01/0873,TRBV11-2,TRBJ2-3,
14,60,CASSLPGNTEAFF,09/0018,TRBV5-3,TRBJ1-1,
14,61,CASSLGGNTEAFF,09/0217,TRBV5-1,TRBJ1-1,
14,62,CASSLGGLTEAFF,01/0882,TRBV7-2,TRBJ1-1,
15,68,CASSWGGGALYQPQHF,01/0817,TRBV5-6,TRBJ1-5,
15,69,CSAPGTGLYQPQHF,09/0217,TRBV20-1,TRBJ1-5,
15,70,CSVSTGLYQPQHF,01/0960,TRBV29-1,TRBJ1-5,
15,71,CASRPGIRWLYQPQHF,02/0285,TRBV19,TRBJ1-5,
16,72,CASTQANSGNTIYF,09/0018,TRBV18,TRBJ1-3,
16,73,CASSLEGQANSEAFF,01/0906,TRBV5-1,TRBJ1-1,
16,74,CASSLVGQANSPLHF,01/0882,TRBV7-2,TRBJ1-6,
16,75,CASSLEGQANSPLHF,01/0906,TRBV5-1,TRBJ1-6,
